{"cameraMode":{"drawMode":0,"name":"Shaded","section":"Shading Mode"},"sceneLighting":true,"audioPlay":false,"sceneViewState":{"showFog":true,"showMaterialUpdate":true,"showSkybox":true,"showFlares":true,"showImageEffects":true,"showParticleSystems":true},"in2DMode":false,"pivot":{"x":0.5159995555877686,"y":0.3047335147857666,"z":-3.898437261581421},"rotation":{"x":-0.10094938427209854,"y":0.897892951965332,"z":-0.27714791893959048,"w":-0.32692810893058779},"size":7.393246650695801,"orthographic":false}