{"cameraMode":{"drawMode":0,"name":"Shaded","section":"Shading Mode"},"sceneLighting":true,"audioPlay":false,"sceneViewState":{"showFog":true,"showMaterialUpdate":true,"showSkybox":true,"showFlares":true,"showImageEffects":true,"showParticleSystems":true},"in2DMode":false,"pivot":{"x":-6.01789665222168,"y":-8.795221328735352,"z":-14.49679183959961},"rotation":{"x":0.18543069064617158,"y":-0.7733646035194397,"z":0.2622902989387512,"w":0.5466387867927551},"size":44.15613555908203,"orthographic":false}