{"cameraMode":{"drawMode":0,"name":"Shaded","section":"Shading Mode"},"sceneLighting":true,"audioPlay":false,"sceneViewState":{"showFog":true,"showMaterialUpdate":true,"showSkybox":true,"showFlares":true,"showImageEffects":true,"showParticleSystems":true},"in2DMode":false,"pivot":{"x":69.50106048583985,"y":-1.2318956851959229,"z":45.9242057800293},"rotation":{"x":-0.16724872589111329,"y":0.8077383637428284,"z":-0.4951895773410797,"w":-0.2732096016407013},"size":21.010000228881837,"orthographic":false}