{"cameraMode":{"drawMode":0,"name":"Shaded","section":"Shading Mode"},"sceneLighting":true,"audioPlay":false,"sceneViewState":{"showFog":true,"showMaterialUpdate":true,"showSkybox":true,"showFlares":true,"showImageEffects":true,"showParticleSystems":true},"in2DMode":false,"pivot":{"x":110.54988861083985,"y":-16.618301391601564,"z":39.228450775146487},"rotation":{"x":-0.4077797532081604,"y":0.14047320187091828,"z":-0.0638432502746582,"w":-0.9001212120056152},"size":44.437782287597659,"orthographic":false}