{"cameraMode":{"drawMode":0,"name":"Shaded","section":"Shading Mode"},"sceneLighting":true,"audioPlay":false,"sceneViewState":{"showFog":true,"showMaterialUpdate":true,"showSkybox":true,"showFlares":true,"showImageEffects":true,"showParticleSystems":true},"in2DMode":false,"pivot":{"x":1.9500794410705567,"y":1.872697114944458,"z":-2.338294506072998},"rotation":{"x":0.20388798415660859,"y":-0.7364477515220642,"z":0.2529740035533905,"w":0.5934436917304993},"size":4.6702165603637699,"orthographic":false}