{"cameraMode":{"drawMode":0,"name":"Shaded","section":"Shading Mode"},"sceneLighting":true,"audioPlay":false,"sceneViewState":{"showFog":true,"showMaterialUpdate":true,"showSkybox":true,"showFlares":true,"showImageEffects":true,"showParticleSystems":true},"in2DMode":false,"pivot":{"x":-9.448326110839844,"y":-28.326894760131837,"z":-37.88555908203125},"rotation":{"x":0.008642817847430706,"y":-0.9252614378929138,"z":0.37871256470680239,"w":0.021105539053678514},"size":57.577091217041019,"orthographic":false}