{"cameraMode":{"drawMode":0,"name":"Shaded","section":"Shading Mode"},"sceneLighting":true,"audioPlay":false,"sceneViewState":{"showFog":true,"showMaterialUpdate":true,"showSkybox":true,"showFlares":true,"showImageEffects":true,"showParticleSystems":true},"in2DMode":false,"pivot":{"x":72.8584213256836,"y":10.853643417358399,"z":52.63119888305664},"rotation":{"x":-0.18847934901714326,"y":0.7942283749580383,"z":-0.3052827715873718,"w":-0.4907154440879822},"size":2.100529909133911,"orthographic":false}