{"cameraMode":{"drawMode":0,"name":"Shaded","section":"Shading Mode"},"sceneLighting":true,"audioPlay":false,"sceneViewState":{"showFog":true,"showMaterialUpdate":true,"showSkybox":true,"showFlares":true,"showImageEffects":true,"showParticleSystems":true},"in2DMode":false,"pivot":{"x":-5.7467546463012699,"y":-2.690659523010254,"z":5.962608814239502},"rotation":{"x":0.21651595830917359,"y":-0.4629451632499695,"z":0.11770860105752945,"w":0.8514772057533264},"size":15.690059661865235,"orthographic":false}