{"cameraMode":{"drawMode":0,"name":"Shaded","section":"Shading Mode"},"sceneLighting":true,"audioPlay":false,"sceneViewState":{"showFog":true,"showMaterialUpdate":true,"showSkybox":true,"showFlares":true,"showImageEffects":true,"showParticleSystems":true},"in2DMode":false,"pivot":{"x":-1.469771146774292,"y":1.0468225479125977,"z":-0.4213674068450928},"rotation":{"x":-0.4056321382522583,"y":0.39783141016960146,"z":-0.2022636979818344,"w":-0.7977311015129089},"size":11.28616714477539,"orthographic":false}