{"cameraMode":{"drawMode":0,"name":"Shaded","section":"Shading Mode"},"sceneLighting":true,"audioPlay":false,"sceneViewState":{"showFog":true,"showMaterialUpdate":true,"showSkybox":true,"showFlares":true,"showImageEffects":true,"showParticleSystems":true},"in2DMode":false,"pivot":{"x":-8.8244047164917,"y":-35.06855773925781,"z":-17.95765495300293},"rotation":{"x":-0.12944845855236054,"y":0.7366775274276733,"z":-0.14734642207622529,"w":-0.6472712755203247},"size":97.28592681884766,"orthographic":false}