{"cameraMode":{"drawMode":0,"name":"Shaded","section":"Shading Mode"},"sceneLighting":true,"audioPlay":false,"sceneViewState":{"showFog":true,"showMaterialUpdate":true,"showSkybox":true,"showFlares":true,"showImageEffects":true,"showParticleSystems":true},"in2DMode":false,"pivot":{"x":89.13917541503906,"y":-7.477780342102051,"z":39.716888427734378},"rotation":{"x":-0.06420702487230301,"y":0.9332523941993713,"z":-0.21154911816120149,"w":-0.2834547758102417},"size":54.947383880615237,"orthographic":false}