{"cameraMode":{"drawMode":0,"name":"Shaded","section":"Shading Mode"},"sceneLighting":true,"audioPlay":false,"sceneViewState":{"showFog":true,"showMaterialUpdate":true,"showSkybox":true,"showFlares":true,"showImageEffects":true,"showParticleSystems":true},"in2DMode":false,"pivot":{"x":7.272472381591797,"y":8.384284973144532,"z":-2.617293119430542},"rotation":{"x":0.20515838265419007,"y":-0.7422700524330139,"z":0.26173239946365359,"w":0.5818169116973877},"size":14.418886184692383,"orthographic":false}