{"cameraMode":{"drawMode":0,"name":"Shaded","section":"Shading Mode"},"sceneLighting":true,"audioPlay":false,"sceneViewState":{"showFog":true,"showMaterialUpdate":true,"showSkybox":true,"showFlares":true,"showImageEffects":true,"showParticleSystems":true},"in2DMode":false,"pivot":{"x":-7.626070976257324,"y":-9.278242111206055,"z":1.671011209487915},"rotation":{"x":0.3864620625972748,"y":-0.49126362800598147,"z":0.257621169090271,"w":0.7369027137756348},"size":38.43705749511719,"orthographic":false}