{"cameraMode":{"drawMode":0,"name":"Shaded","section":"Shading Mode"},"sceneLighting":true,"audioPlay":false,"sceneViewState":{"showFog":true,"showMaterialUpdate":true,"showSkybox":true,"showFlares":true,"showImageEffects":true,"showParticleSystems":true},"in2DMode":false,"pivot":{"x":9.952974319458008,"y":-5.145195960998535,"z":7.868924617767334},"rotation":{"x":0.32547828555107119,"y":-0.462165504693985,"z":0.18722443282604218,"w":0.8034412264823914},"size":18.498043060302736,"orthographic":false}