{"cameraMode":{"drawMode":0,"name":"Shaded","section":"Shading Mode"},"sceneLighting":true,"audioPlay":false,"sceneViewState":{"showFog":true,"showMaterialUpdate":true,"showSkybox":true,"showFlares":true,"showImageEffects":true,"showParticleSystems":true},"in2DMode":false,"pivot":{"x":1.4268666505813599,"y":1.8566054105758668,"z":-4.567331790924072},"rotation":{"x":-0.12842729687690736,"y":0.8131374716758728,"z":-0.19586506485939027,"w":-0.5329589247703552},"size":4.9893879890441898,"orthographic":false}