{"cameraMode":{"drawMode":0,"name":"Shaded","section":"Shading Mode"},"sceneLighting":true,"audioPlay":false,"sceneViewState":{"showFog":true,"showMaterialUpdate":true,"showSkybox":true,"showFlares":true,"showImageEffects":true,"showParticleSystems":true},"in2DMode":false,"pivot":{"x":-1.3822498321533204,"y":-1.6867632865905762,"z":-0.6385431289672852},"rotation":{"x":-0.15671180188655854,"y":0.5476962924003601,"z":-0.10523893684148789,"w":-0.8151618242263794},"size":11.217742919921875,"orthographic":false}