{"cameraMode":{"drawMode":0,"name":"Shaded","section":"Shading Mode"},"sceneLighting":true,"audioPlay":false,"sceneViewState":{"showFog":true,"showMaterialUpdate":true,"showSkybox":true,"showFlares":true,"showImageEffects":true,"showParticleSystems":true},"in2DMode":false,"pivot":{"x":1.6469829082489014,"y":-1.5928195714950562,"z":3.519695997238159},"rotation":{"x":-0.17364929616451264,"y":0.33020249009132388,"z":-0.06188785657286644,"w":-0.9257834553718567},"size":12.87939167022705,"orthographic":false}