{"cameraMode":{"drawMode":0,"name":"Shaded","section":"Shading Mode"},"sceneLighting":true,"audioPlay":false,"sceneViewState":{"showFog":true,"showMaterialUpdate":true,"showSkybox":true,"showFlares":true,"showImageEffects":true,"showParticleSystems":true},"in2DMode":false,"pivot":{"x":-15.051567077636719,"y":-34.24308776855469,"z":43.647544860839847},"rotation":{"x":0.2867215871810913,"y":-0.22436927258968354,"z":0.06922800838947296,"w":0.928845226764679},"size":82.71862030029297,"orthographic":false}