{"cameraMode":{"drawMode":0,"name":"Shaded","section":"Shading Mode"},"sceneLighting":true,"audioPlay":false,"sceneViewState":{"showFog":true,"showMaterialUpdate":true,"showSkybox":true,"showFlares":true,"showImageEffects":true,"showParticleSystems":true},"in2DMode":false,"pivot":{"x":2.8610191345214845,"y":2.5399513244628908,"z":2.5378379821777345},"rotation":{"x":0.2813625633716583,"y":-0.6712419390678406,"z":0.30823835730552676,"w":0.6126549243927002},"size":22.0,"orthographic":false}