{"cameraMode":{"drawMode":0,"name":"Shaded","section":"Shading Mode"},"sceneLighting":true,"audioPlay":false,"sceneViewState":{"showFog":true,"showMaterialUpdate":true,"showSkybox":true,"showFlares":true,"showImageEffects":true,"showParticleSystems":true},"in2DMode":false,"pivot":{"x":-46.125770568847659,"y":-77.52288818359375,"z":138.82217407226563},"rotation":{"x":-0.3124133050441742,"y":0.39637434482574465,"z":-0.14569884538650514,"w":-0.8510423302650452},"size":250.49539184570313,"orthographic":false}