{"cameraMode":{"drawMode":0,"name":"Shaded","section":"Shading Mode"},"sceneLighting":true,"audioPlay":false,"sceneViewState":{"showFog":true,"showMaterialUpdate":true,"showSkybox":true,"showFlares":true,"showImageEffects":true,"showParticleSystems":true},"in2DMode":false,"pivot":{"x":-1.2557140588760377,"y":-1.297288417816162,"z":-6.230918884277344},"rotation":{"x":-0.09710590541362763,"y":0.8663134574890137,"z":-0.18546944856643678,"w":-0.45364275574684145},"size":14.702634811401368,"orthographic":false}